[{"model": "rbac.button", "pk": 1, "fields": {"buttonname": "console", "pagename": "instances"}}, {"model": "rbac.button", "pk": 2, "fields": {"buttonname": "force_shutdown", "pagename": "instances"}}, {"model": "rbac.button", "pk": 3, "fields": {"buttonname": "shutdown", "pagename": "instances"}}, {"model": "rbac.button", "pk": 4, "fields": {"buttonname": "save", "pagename": "instances"}}, {"model": "rbac.button", "pk": 5, "fields": {"buttonname": "suspend", "pagename": "instances"}}, {"model": "rbac.button", "pk": 6, "fields": {"buttonname": "start", "pagename": "instances"}}, {"model": "rbac.button", "pk": 7, "fields": {"buttonname": "add connection", "pagename": "servers_list"}}, {"model": "rbac.button", "pk": 8, "fields": {"buttonname": "edit", "pagename": "servers_list"}}, {"model": "rbac.button", "pk": 9, "fields": {"buttonname": "delete", "pagename": "servers_list"}}, {"model": "rbac.button", "pk": 10, "fields": {"buttonname": "a", "pagename": "infrastructure"}}, {"model": "rbac.button", "pk": 11, "fields": {"buttonname": "Start", "pagename": "insts_status"}}, {"model": "rbac.button", "pk": 12, "fields": {"buttonname": "Suspend", "pagename": "insts_status"}}, {"model": "rbac.button", "pk": 13, "fields": {"buttonname": "Save", "pagename": "insts_status"}}, {"model": "rbac.button", "pk": 14, "fields": {"buttonname": "Force Shutdown", "pagename": "insts_status"}}, {"model": "rbac.button", "pk": 15, "fields": {"buttonname": "Shutdown", "pagename": "insts_status"}}, {"model": "rbac.button", "pk": 16, "fields": {"buttonname": "Delete Save Image", "pagename": "insts_status"}}, {"model": "rbac.button", "pk": 17, "fields": {"buttonname": "Console", "pagename": "insts_status"}}, {"model": "rbac.button", "pk": 18, "fields": {"buttonname": "a", "pagename": "instances"}}, {"model": "rbac.button", "pk": 19, "fields": {"buttonname": "a", "pagename": "insts_status"}}, {"model": "rbac.button", "pk": 26, "fields": {"buttonname": "resume", "pagename": "instances"}}, {"model": "rbac.menu", "pk": 1, "fields": {"menuname": "instances", "pagename": "instances", "children": null}}, {"model": "rbac.menu", "pk": 2, "fields": {"menuname": "storages", "pagename": "instances", "children": null}}, {"model": "rbac.menu", "pk": 3, "fields": {"menuname": "networks", "pagename": "instances", "children": null}}, {"model": "rbac.menu", "pk": 4, "fields": {"menuname": "interfaces", "pagename": "instances", "children": null}}, {"model": "rbac.menu", "pk": 5, "fields": {"menuname": "secrets", "pagename": "instances", "children": null}}, {"model": "rbac.menu", "pk": 6, "fields": {"menuname": "overview", "pagename": "instances", "children": null}}, {"model": "rbac.menu", "pk": 7, "fields": {"menuname": "instances", "pagename": "instance", "children": null}}, {"model": "rbac.menu", "pk": 8, "fields": {"menuname": "storages", "pagename": "instance", "children": null}}, {"model": "rbac.menu", "pk": 9, "fields": {"menuname": "networks", "pagename": "instance", "children": null}}, {"model": "rbac.menu", "pk": 10, "fields": {"menuname": "interfaces", "pagename": "instance", "children": null}}, {"model": "rbac.menu", "pk": 11, "fields": {"menuname": "secrets", "pagename": "instance", "children": null}}, {"model": "rbac.menu", "pk": 12, "fields": {"menuname": "overview", "pagename": "instance", "children": null}}, {"model": "rbac.menu", "pk": 13, "fields": {"menuname": "power", "pagename": "instance", "children": null}}, {"model": "rbac.menu", "pk": 14, "fields": {"menuname": "access", "pagename": "instance", "children": null}}, {"model": "rbac.menu", "pk": 15, "fields": {"menuname": "snapshots", "pagename": "instance", "children": null}}, {"model": "rbac.menu", "pk": 16, "fields": {"menuname": "statistics", "pagename": "instance", "children": null}}, {"model": "rbac.menu", "pk": 17, "fields": {"menuname": "settings", "pagename": "instance", "children": null}}, {"model": "rbac.menu", "pk": 18, "fields": {"menuname": "migrate", "pagename": "instance", "children": null}}, {"model": "rbac.menu", "pk": 19, "fields": {"menuname": "destory", "pagename": "instance", "children": null}}, {"model": "rbac.menu", "pk": 20, "fields": {"menuname": "instances", "pagename": "overview", "children": null}}, {"model": "rbac.menu", "pk": 21, "fields": {"menuname": "storages", "pagename": "overview", "children": null}}, {"model": "rbac.menu", "pk": 22, "fields": {"menuname": "networks", "pagename": "overview", "children": null}}, {"model": "rbac.menu", "pk": 23, "fields": {"menuname": "insterfaces", "pagename": "overview", "children": null}}, {"model": "rbac.menu", "pk": 24, "fields": {"menuname": "secrets", "pagename": "overview", "children": null}}, {"model": "rbac.menu", "pk": 25, "fields": {"menuname": "overview", "pagename": "overview", "children": null}}, {"model": "rbac.menu", "pk": 26, "fields": {"menuname": "interfaces", "pagename": "overview", "children": null}}, {"model": "rbac.permission", "pk": 1, "fields": {"title": "index", "method": "GET", "url": "^/$"}}, {"model": "rbac.permission", "pk": 2, "fields": {"title": "login", "method": "GET", "url": "^/login/$"}}, {"model": "rbac.permission", "pk": 3, "fields": {"title": "logout", "method": "GET", "url": "^/servers/$"}}, {"model": "rbac.permission", "pk": 4, "fields": {"title": "servers_list", "method": "GET", "url": "^/servers/$"}}, {"model": "rbac.permission", "pk": 5, "fields": {"title": "infrastructure", "method": "GET", "url": "^/infrastructure/$"}}, {"model": "rbac.permission", "pk": 6, "fields": {"title": "overview", "method": "GET", "url": "^/host/(\\d+)/$"}}, {"model": "rbac.permission", "pk": 7, "fields": {"title": "createVM", "method": "GET", "url": "^/create/(\\d+)/$"}}, {"model": "rbac.permission", "pk": 8, "fields": {"title": "storages", "method": "GET", "url": "^/storages/(\\d+)/$"}}, {"model": "rbac.permission", "pk": 9, "fields": {"title": "storage", "method": "GET", "url": "^/storage/(\\d+)/([\\w\\-\\.]+)/$"}}, {"model": "rbac.permission", "pk": 10, "fields": {"title": "networks", "method": "GET", "url": "^/networks/(\\d+)/$"}}, {"model": "rbac.permission", "pk": 11, "fields": {"title": "interfaces", "method": "GET", "url": "^/interfaces/(\\d+)/$"}}, {"model": "rbac.permission", "pk": 12, "fields": {"title": "interface", "method": "GET", "url": "^/interface/(\\d+)/([\\w\\.\\:]+)/$"}}, {"model": "rbac.permission", "pk": 13, "fields": {"title": "VMinstances", "method": "GET", "url": "^/instances/(\\d+)/$"}}, {"model": "rbac.permission", "pk": 14, "fields": {"title": "Vminstance", "method": "GET", "url": "^/instance/(\\d+)/([\\w\\-\\.]+)/$"}}, {"model": "rbac.permission", "pk": 15, "fields": {"title": "secrets", "method": "GET", "url": "^/secrets/(\\d+)/$"}}, {"model": "rbac.permission", "pk": 16, "fields": {"title": "console", "method": "GET", "url": "^/console/$"}}, {"model": "rbac.permission", "pk": 17, "fields": {"title": "hostusage", "method": "GET", "url": "^/info/hostusage/(\\d+)/$"}}, {"model": "rbac.permission", "pk": 18, "fields": {"title": "insts_status", "method": "GET", "url": "^/info/insts_status/(\\d+)/$"}}, {"model": "rbac.permission", "pk": 19, "fields": {"title": "inst_status", "method": "GET", "url": "^/info/inst_status/(\\d+)/([\\w\\-\\.]+)/$"}}, {"model": "rbac.permission", "pk": 20, "fields": {"title": "instusage", "method": "GET", "url": "^/info/instusage/(\\d+)/([\\w\\-\\.]+)/$"}}, {"model": "rbac.permission", "pk": 21, "fields": {"title": "i18n", "method": "GET", "url": "^/i18n/"}}, {"model": "rbac.permission", "pk": 22, "fields": {"title": "network", "method": "GET", "url": "^/network/(\\d+)/([\\w\\-\\.]+)/$"}}, {"model": "rbac.permission", "pk": 23, "fields": {"title": "login", "method": "POST", "url": "^login/?$"}}, {"model": "rbac.permission", "pk": 24, "fields": {"title": "servers_list", "method": "POST", "url": "^/servers/$"}}, {"model": "rbac.permission", "pk": 25, "fields": {"title": "VMinstances", "method": "POST", "url": "^/instances/(\\d+)/$"}}, {"model": "rbac.permission", "pk": 26, "fields": {"title": "Vminstance", "method": "POST", "url": "^/instance/(\\d+)/([\\w\\-\\.]+)/$"}}, {"model": "rbac.permission", "pk": 27, "fields": {"title": "storage", "method": "POST", "url": "^/storage/(\\d+)/([\\w\\-\\.]+)/$"}}, {"model": "rbac.permission", "pk": 28, "fields": {"title": "networks", "method": "POST", "url": "^/networks/(\\d+)/$"}}, {"model": "rbac.permission", "pk": 29, "fields": {"title": "network", "method": "POST", "url": "^/network/(\\d+)/([\\w\\-\\.]+)/$"}}, {"model": "rbac.permission", "pk": 30, "fields": {"title": "create", "method": "POST", "url": "^/create/(\\d+)/$"}}, {"model": "rbac.role", "pk": 1, "fields": {"title": "administrator", "permissions": [1, 2, 3, 4, 5, 6, 7, 8, 9, 10, 11, 12, 13, 14, 15, 16, 17, 18, 19, 20, 21, 22, 23, 24, 25, 26, 27, 28, 29, 30], "menu": [1, 2, 3, 4, 5, 6, 7, 8, 9, 10, 11, 12, 13, 14, 15, 16, 17, 18, 19, 20, 21, 22, 23, 24, 25, 26], "button": [1, 2, 3, 4, 5, 6, 7, 8, 9, 10, 11, 12, 13, 14, 15, 16, 17, 18, 19, 26]}}, {"model": "rbac.role", "pk": 2, "fields": {"title": "viewer", "permissions": [1, 2, 3, 4, 5, 6, 13, 14, 16, 17, 18, 19, 20, 21], "menu": [1, 6, 7, 12, 13, 14, 15, 16, 20, 25], "button": [1, 17]}}, {"model": "rbac.userinfo", "pk": 1, "fields": {"password": "pbkdf2_sha256$36000$jc6Hw0Ex9rkW$jyerb4z8eMz2EnyLKNGVE+SjDVqfdXb/5+HBRtBDuTA=", "last_login": "2021-03-30T06:56:39.422Z", "is_superuser": true, "username": "admin", "first_name": "", "last_name": "", "email": "admin@localhost", "is_staff": true, "is_active": true, "date_joined": "2021-03-11T08:44:00Z", "groups": [], "user_permissions": [], "roles": [1]}}, {"model": "rbac.userinfo", "pk": 2, "fields": {"password": "Cestc_01", "last_login": "2021-03-30T06:52:53.012Z", "is_superuser": false, "username": "cestc", "first_name": "", "last_name": "", "email": "cestc@example.org", "is_staff": false, "is_active": true, "date_joined": "2021-03-11T09:28:00Z", "groups": [], "user_permissions": [], "roles": [2]}}]