[{"model": "contenttypes.contenttype", "pk": 1, "fields": {"app_label": "auth", "model": "group"}}, {"model": "contenttypes.contenttype", "pk": 2, "fields": {"app_label": "auth", "model": "permission"}}, {"model": "contenttypes.contenttype", "pk": 3, "fields": {"app_label": "contenttypes", "model": "contenttype"}}, {"model": "contenttypes.contenttype", "pk": 4, "fields": {"app_label": "sessions", "model": "session"}}, {"model": "contenttypes.contenttype", "pk": 5, "fields": {"app_label": "sites", "model": "site"}}, {"model": "contenttypes.contenttype", "pk": 6, "fields": {"app_label": "admin", "model": "logentry"}}, {"model": "contenttypes.contenttype", "pk": 7, "fields": {"app_label": "servers", "model": "compute"}}, {"model": "contenttypes.contenttype", "pk": 8, "fields": {"app_label": "instance", "model": "instance"}}, {"model": "contenttypes.contenttype", "pk": 9, "fields": {"app_label": "create", "model": "flavor"}}, {"model": "contenttypes.contenttype", "pk": 10, "fields": {"app_label": "serverlog", "model": "instancelog"}}, {"model": "contenttypes.contenttype", "pk": 11, "fields": {"app_label": "rbac", "model": "userinfo"}}, {"model": "contenttypes.contenttype", "pk": 12, "fields": {"app_label": "rbac", "model": "role"}}, {"model": "contenttypes.contenttype", "pk": 13, "fields": {"app_label": "rbac", "model": "permission"}}, {"model": "contenttypes.contenttype", "pk": 14, "fields": {"app_label": "rbac", "model": "menu"}}, {"model": "contenttypes.contenttype", "pk": 15, "fields": {"app_label": "rbac", "model": "button"}}, {"model": "sessions.session", "pk": "3vpjbj7klrz2tt6dw21dws85jm3lh7vo", "fields": {"session_data": "M2JkNGEyZTZlZThiOTliYTZiNmRlMjkzNjY1ZmZiOGMwNmJkMmQ3NTp7IndlYnZpcnRtZ3JfYnV0dG9uX3VybF9saXN0X2tleSI6eyJhZG1pbiI6W3sicGFnZW5hbWUiOiJpbnN0YW5jZXMiLCJidXR0b25uYW1lIjoiY29uc29sZSJ9LHsicGFnZW5hbWUiOiJpbnN0YW5jZXMiLCJidXR0b25uYW1lIjoiZm9yY2Ugc2h1dGRvd24ifSx7InBhZ2VuYW1lIjoiaW5zdGFuY2VzIiwiYnV0dG9ubmFtZSI6InNodXRkb3duIn0seyJwYWdlbmFtZSI6Imluc3RhbmNlcyIsImJ1dHRvbm5hbWUiOiJzYXZlIn0seyJwYWdlbmFtZSI6Imluc3RhbmNlcyIsImJ1dHRvbm5hbWUiOiJzdXNwZW5kIn0seyJwYWdlbmFtZSI6Imluc3RhbmNlcyIsImJ1dHRvbm5hbWUiOiJzdGFydCJ9LHsicGFnZW5hbWUiOiJzZXJ2ZXJzX2xpc3QiLCJidXR0b25uYW1lIjoiYWRkIGNvbm5lY3Rpb24ifSx7InBhZ2VuYW1lIjoic2VydmVyc19saXN0IiwiYnV0dG9ubmFtZSI6ImVkaXQifSx7InBhZ2VuYW1lIjoic2VydmVyc19saXN0IiwiYnV0dG9ubmFtZSI6ImRlbGV0ZSJ9LHsicGFnZW5hbWUiOiJpbmZyYXN0cnVjdHVyZSIsImJ1dHRvbm5hbWUiOiJhIn0seyJwYWdlbmFtZSI6Imluc3RzX3N0YXR1cyIsImJ1dHRvbm5hbWUiOiJTdGFydCJ9LHsicGFnZW5hbWUiOiJpbnN0c19zdGF0dXMiLCJidXR0b25uYW1lIjoiU3VzcGVuZCJ9LHsicGFnZW5hbWUiOiJpbnN0c19zdGF0dXMiLCJidXR0b25uYW1lIjoiU2F2ZSJ9LHsicGFnZW5hbWUiOiJpbnN0c19zdGF0dXMiLCJidXR0b25uYW1lIjoiRm9yY2UgU2h1dGRvd24ifSx7InBhZ2VuYW1lIjoiaW5zdHNfc3RhdHVzIiwiYnV0dG9ubmFtZSI6IlNodXRkb3duIn0seyJwYWdlbmFtZSI6Imluc3RzX3N0YXR1cyIsImJ1dHRvbm5hbWUiOiJEZWxldGUgU2F2ZSBJbWFnZSJ9LHsicGFnZW5hbWUiOiJpbnN0c19zdGF0dXMiLCJidXR0b25uYW1lIjoiQ29uc29sZSJ9LHsicGFnZW5hbWUiOiJpbnN0YW5jZXMiLCJidXR0b25uYW1lIjoiYSJ9LHsicGFnZW5hbWUiOiJpbnN0c19zdGF0dXMiLCJidXR0b25uYW1lIjoiYSJ9XX0sIl9hdXRoX3VzZXJfaWQiOiIxIiwid2VidmlydG1ncl9tZW51X3VybF9saXN0X2tleSI6eyJhZG1pbiI6W3sicGFnZW5hbWUiOiJpbnN0YW5jZXMiLCJtZW51bmFtZSI6Imluc3RhbmNlcyJ9LHsicGFnZW5hbWUiOiJpbnN0YW5jZXMiLCJtZW51bmFtZSI6InN0b3JhZ2VzIn0seyJwYWdlbmFtZSI6Imluc3RhbmNlcyIsIm1lbnVuYW1lIjoibmV0d29ya3MifSx7InBhZ2VuYW1lIjoiaW5zdGFuY2VzIiwibWVudW5hbWUiOiJpbnN0ZXJmYWNlcyJ9LHsicGFnZW5hbWUiOiJpbnN0YW5jZXMiLCJtZW51bmFtZSI6InNlY3JldHMifSx7InBhZ2VuYW1lIjoiaW5zdGFuY2VzIiwibWVudW5hbWUiOiJvdmVydmlldyJ9LHsicGFnZW5hbWUiOiJpbnN0YW5jZSIsIm1lbnVuYW1lIjoiaW5zdGFuY2VzIn0seyJwYWdlbmFtZSI6Imluc3RhbmNlIiwibWVudW5hbWUiOiJzdG9yYWdlcyJ9LHsicGFnZW5hbWUiOiJpbnN0YW5jZSIsIm1lbnVuYW1lIjoibmV0d29ya3MifSx7InBhZ2VuYW1lIjoiaW5zdGFuY2UiLCJtZW51bmFtZSI6Imluc3RlcmZhY2VzIn0seyJwYWdlbmFtZSI6Imluc3RhbmNlIiwibWVudW5hbWUiOiJzZWNyZXRzIn0seyJwYWdlbmFtZSI6Imluc3RhbmNlIiwibWVudW5hbWUiOiJvdmVydmlldyJ9LHsicGFnZW5hbWUiOiJpbnN0YW5jZSIsIm1lbnVuYW1lIjoicG93ZXIifSx7InBhZ2VuYW1lIjoiaW5zdGFuY2UiLCJtZW51bmFtZSI6ImFjY2VzcyJ9LHsicGFnZW5hbWUiOiJpbnN0YW5jZSIsIm1lbnVuYW1lIjoic25hcHNob3RzIn0seyJwYWdlbmFtZSI6Imluc3RhbmNlIiwibWVudW5hbWUiOiJzdGF0aXN0aWNzIn0seyJwYWdlbmFtZSI6Imluc3RhbmNlIiwibWVudW5hbWUiOiJzZXR0aW5ncyJ9LHsicGFnZW5hbWUiOiJpbnN0YW5jZSIsIm1lbnVuYW1lIjoibWlncmF0ZSJ9LHsicGFnZW5hbWUiOiJpbnN0YW5jZSIsIm1lbnVuYW1lIjoiZGVzdG9yeSJ9LHsicGFnZW5hbWUiOiJvdmVydmlldyIsIm1lbnVuYW1lIjoiaW5zdGFuY2VzIn0seyJwYWdlbmFtZSI6Im92ZXJ2aWV3IiwibWVudW5hbWUiOiJzdG9yYWdlcyJ9LHsicGFnZW5hbWUiOiJvdmVydmlldyIsIm1lbnVuYW1lIjoibmV0d29ya3MifSx7InBhZ2VuYW1lIjoib3ZlcnZpZXciLCJtZW51bmFtZSI6Imluc3RlcmZhY2VzIn0seyJwYWdlbmFtZSI6Im92ZXJ2aWV3IiwibWVudW5hbWUiOiJzZWNyZXRzIn0seyJwYWdlbmFtZSI6Im92ZXJ2aWV3IiwibWVudW5hbWUiOiJvdmVydmlldyJ9XX0sIl9hdXRoX3VzZXJfYmFja2VuZCI6ImRqYW5nby5jb250cmliLmF1dGguYmFja2VuZHMuTW9kZWxCYWNrZW5kIiwid2VidmlydG1ncl9wZXJtaXNzaW9uX3VybF9saXN0X2tleSI6eyJhZG1pbiI6W3sidXJsIjoiXi8kIiwibWV0aG9kIjoiR0VUIn0seyJ1cmwiOiJeL2xvZ2luLyQiLCJtZXRob2QiOiJHRVQifSx7InVybCI6Il4vc2VydmVycy8kIiwibWV0aG9kIjoiR0VUIn0seyJ1cmwiOiJeL2luZnJhc3RydWN0dXJlLyQiLCJtZXRob2QiOiJHRVQifSx7InVybCI6Il4vaG9zdC8oXFxkKykvJCIsIm1ldGhvZCI6IkdFVCJ9LHsidXJsIjoiXi9jcmVhdGUvKFxcZCspLyQiLCJtZXRob2QiOiJHRVQifSx7InVybCI6Il4vc3RvcmFnZXMvKFxcZCspLyQiLCJtZXRob2QiOiJHRVQifSx7InVybCI6Il4vc3RvcmFnZS8oXFxkKykvKFtcXHdcXC1cXC5dKykvJCIsIm1ldGhvZCI6IkdFVCJ9LHsidXJsIjoiXi9uZXR3b3Jrcy8oXFxkKykvJCIsIm1ldGhvZCI6IkdFVCJ9LHsidXJsIjoiXi9pbnRlcmZhY2VzLyhcXGQrKS8kIiwibWV0aG9kIjoiR0VUIn0seyJ1cmwiOiJeL2ludGVyZmFjZS8oXFxkKykvKFtcXHdcXC5cXDpdKykvJCIsIm1ldGhvZCI6IkdFVCJ9LHsidXJsIjoiXi9pbnN0YW5jZXMvKFxcZCspLyQiLCJtZXRob2QiOiJHRVQifSx7InVybCI6Il4vaW5zdGFuY2UvKFxcZCspLyhbXFx3XFwtXFwuXSspLyQiLCJtZXRob2QiOiJHRVQifSx7InVybCI6Il4vc2VjcmV0cy8oXFxkKykvJCIsIm1ldGhvZCI6IkdFVCJ9LHsidXJsIjoiXi9jb25zb2xlLyQiLCJtZXRob2QiOiJHRVQifSx7InVybCI6Il4vaW5mby9ob3N0dXNhZ2UvKFxcZCspLyQiLCJtZXRob2QiOiJHRVQifSx7InVybCI6Il4vaW5mby9pbnN0c19zdGF0dXMvKFxcZCspLyQiLCJtZXRob2QiOiJHRVQifSx7InVybCI6Il4vaW5mby9pbnN0X3N0YXR1cy8oXFxkKykvKFtcXHdcXC1cXC5dKykvJCIsIm1ldGhvZCI6IkdFVCJ9LHsidXJsIjoiXi9pbmZvL2luc3R1c2FnZS8oXFxkKykvKFtcXHdcXC1cXC5dKykvJCIsIm1ldGhvZCI6IkdFVCJ9LHsidXJsIjoiXi9pMThuLyIsIm1ldGhvZCI6IkdFVCJ9LHsidXJsIjoiXi9uZXR3b3JrLyhcXGQrKS8oW1xcd1xcLVxcLl0rKS8kIiwibWV0aG9kIjoiR0VUIn0seyJ1cmwiOiJebG9naW4vPyQiLCJtZXRob2QiOiJQT1NUIn0seyJ1cmwiOiJeL3NlcnZlcnMvJCIsIm1ldGhvZCI6IlBPU1QifSx7InVybCI6Il4vaW5zdGFuY2VzLyhcXGQrKS8kIiwibWV0aG9kIjoiUE9TVCJ9LHsidXJsIjoiXi9pbnN0YW5jZS8oXFxkKykvKFtcXHdcXC1cXC5dKykvJCIsIm1ldGhvZCI6IlBPU1QifV19LCJfbGFuZ3VhZ2UiOiJ6aC1oYW5zIiwiX2F1dGhfdXNlcl9oYXNoIjoiYWQ2NjZlYzdhNDQ0NGNiMTM0ZGRmYTZmM2YzYWQwZDllNjJmMDQxNiJ9", "expire_date": "2021-04-07T03:01:10.079Z"}}, {"model": "sessions.session", "pk": "472vt7u61hkqktzczxa9nw0ftf9bm3jr", "fields": {"session_data": "NzVkZjk5MjUxNDY5YjEwZWZiNzdmMGY2NGE2ZmQ4YmVkOGQ3YzViZDp7Il9hdXRoX3VzZXJfaGFzaCI6ImFkNjY2ZWM3YTQ0NDRjYjEzNGRkZmE2ZjNmM2FkMGQ5ZTYyZjA0MTYiLCJfYXV0aF91c2VyX2JhY2tlbmQiOiJkamFuZ28uY29udHJpYi5hdXRoLmJhY2tlbmRzLk1vZGVsQmFja2VuZCIsIl9hdXRoX3VzZXJfaWQiOiIxIn0=", "expire_date": "2021-04-02T07:38:54.594Z"}}, {"model": "sessions.session", "pk": "jhz2hvm0x956sevy0e2hij0yziaa54g5", "fields": {"session_data": "ZWI1YzYxOThlZjE0ODQ1NGZhMzY1NzMxMjRlNzUzMzk4OWQ5ZjZlNzp7IndlYnZpcnRtZ3JfYnV0dG9uX3VybF9saXN0X2tleSI6eyJjZXN0YyI6W3sicGFnZW5hbWUiOiJpbnN0YW5jZXMiLCJidXR0b25uYW1lIjoiY29uc29sZSJ9LHsicGFnZW5hbWUiOiJpbnN0YW5jZXMiLCJidXR0b25uYW1lIjoiZm9yY2Ugc2h1dGRvd24ifSx7InBhZ2VuYW1lIjoiaW5zdGFuY2VzIiwiYnV0dG9ubmFtZSI6InNodXRkb3duIn0seyJwYWdlbmFtZSI6Imluc3RhbmNlcyIsImJ1dHRvbm5hbWUiOiJzdXNwZW5kIn0seyJwYWdlbmFtZSI6Imluc3RhbmNlcyIsImJ1dHRvbm5hbWUiOiJzdGFydCJ9LHsicGFnZW5hbWUiOiJpbnN0c19zdGF0dXMiLCJidXR0b25uYW1lIjoiU3RhcnQifSx7InBhZ2VuYW1lIjoiaW5zdHNfc3RhdHVzIiwiYnV0dG9ubmFtZSI6IlN1c3BlbmQifSx7InBhZ2VuYW1lIjoiaW5zdHNfc3RhdHVzIiwiYnV0dG9ubmFtZSI6IlNhdmUifSx7InBhZ2VuYW1lIjoiaW5zdHNfc3RhdHVzIiwiYnV0dG9ubmFtZSI6IkZvcmNlIFNodXRkb3duIn1dfSwiX2F1dGhfdXNlcl9pZCI6IjIiLCJ3ZWJ2aXJ0bWdyX21lbnVfdXJsX2xpc3Rfa2V5Ijp7ImNlc3RjIjpbeyJwYWdlbmFtZSI6Imluc3RhbmNlcyIsIm1lbnVuYW1lIjoiaW5zdGFuY2VzIn0seyJwYWdlbmFtZSI6Imluc3RhbmNlcyIsIm1lbnVuYW1lIjoib3ZlcnZpZXcifSx7InBhZ2VuYW1lIjoiaW5zdGFuY2UiLCJtZW51bmFtZSI6Imluc3RhbmNlcyJ9LHsicGFnZW5hbWUiOiJpbnN0YW5jZSIsIm1lbnVuYW1lIjoib3ZlcnZpZXcifSx7InBhZ2VuYW1lIjoiaW5zdGFuY2UiLCJtZW51bmFtZSI6InBvd2VyIn0seyJwYWdlbmFtZSI6Imluc3RhbmNlIiwibWVudW5hbWUiOiJhY2Nlc3MifSx7InBhZ2VuYW1lIjoiaW5zdGFuY2UiLCJtZW51bmFtZSI6InNuYXBzaG90cyJ9LHsicGFnZW5hbWUiOiJpbnN0YW5jZSIsIm1lbnVuYW1lIjoic3RhdGlzdGljcyJ9XX0sIl9hdXRoX3VzZXJfYmFja2VuZCI6ImRqYW5nby5jb250cmliLmF1dGguYmFja2VuZHMuTW9kZWxCYWNrZW5kIiwid2VidmlydG1ncl9wZXJtaXNzaW9uX3VybF9saXN0X2tleSI6eyJjZXN0YyI6W3sidXJsIjoiXi8kIiwibWV0aG9kIjoiR0VUIn0seyJ1cmwiOiJeL2xvZ2luLyQiLCJtZXRob2QiOiJHRVQifSx7InVybCI6Il4vc2VydmVycy8kIiwibWV0aG9kIjoiR0VUIn0seyJ1cmwiOiJeL2luZnJhc3RydWN0dXJlLyQiLCJtZXRob2QiOiJHRVQifSx7InVybCI6Il4vaG9zdC8oXFxkKykvJCIsIm1ldGhvZCI6IkdFVCJ9LHsidXJsIjoiXi9pbnN0YW5jZXMvKFxcZCspLyQiLCJtZXRob2QiOiJHRVQifSx7InVybCI6Il4vaW5zdGFuY2UvKFxcZCspLyhbXFx3XFwtXFwuXSspLyQiLCJtZXRob2QiOiJHRVQifSx7InVybCI6Il4vY29uc29sZS8kIiwibWV0aG9kIjoiR0VUIn0seyJ1cmwiOiJeL2luZm8vaG9zdHVzYWdlLyhcXGQrKS8kIiwibWV0aG9kIjoiR0VUIn0seyJ1cmwiOiJeL2luZm8vaW5zdHNfc3RhdHVzLyhcXGQrKS8kIiwibWV0aG9kIjoiR0VUIn0seyJ1cmwiOiJeL2luZm8vaW5zdF9zdGF0dXMvKFxcZCspLyhbXFx3XFwtXFwuXSspLyQiLCJtZXRob2QiOiJHRVQifSx7InVybCI6Il4vaW5mby9pbnN0dXNhZ2UvKFxcZCspLyhbXFx3XFwtXFwuXSspLyQiLCJtZXRob2QiOiJHRVQifSx7InVybCI6Il4vaTE4bi8iLCJtZXRob2QiOiJHRVQifV19LCJfYXV0aF91c2VyX2hhc2giOiIyODMyNDI2OTc5M2E1OWU4OWM1NGU4NzgzZmJmMzZjZGQyNDQ5OGJlIn0=", "expire_date": "2021-04-06T09:57:58.223Z"}}, {"model": "sites.site", "pk": 1, "fields": {"domain": "example.com", "name": "example.com"}}, {"model": "rbac.button", "pk": 1, "fields": {"buttonname": "console", "pagename": "instances"}}, {"model": "rbac.button", "pk": 2, "fields": {"buttonname": "force shutdown", "pagename": "instances"}}, {"model": "rbac.button", "pk": 3, "fields": {"buttonname": "shutdown", "pagename": "instances"}}, {"model": "rbac.button", "pk": 4, "fields": {"buttonname": "save", "pagename": "instances"}}, {"model": "rbac.button", "pk": 5, "fields": {"buttonname": "suspend", "pagename": "instances"}}, {"model": "rbac.button", "pk": 6, "fields": {"buttonname": "start", "pagename": "instances"}}, {"model": "rbac.button", "pk": 7, "fields": {"buttonname": "add connection", "pagename": "servers_list"}}, {"model": "rbac.button", "pk": 8, "fields": {"buttonname": "edit", "pagename": "servers_list"}}, {"model": "rbac.button", "pk": 9, "fields": {"buttonname": "delete", "pagename": "servers_list"}}, {"model": "rbac.button", "pk": 10, "fields": {"buttonname": "a", "pagename": "infrastructure"}}, {"model": "rbac.button", "pk": 11, "fields": {"buttonname": "Start", "pagename": "insts_status"}}, {"model": "rbac.button", "pk": 12, "fields": {"buttonname": "Suspend", "pagename": "insts_status"}}, {"model": "rbac.button", "pk": 13, "fields": {"buttonname": "Save", "pagename": "insts_status"}}, {"model": "rbac.button", "pk": 14, "fields": {"buttonname": "Force Shutdown", "pagename": "insts_status"}}, {"model": "rbac.button", "pk": 15, "fields": {"buttonname": "Shutdown", "pagename": "insts_status"}}, {"model": "rbac.button", "pk": 16, "fields": {"buttonname": "Delete Save Image", "pagename": "insts_status"}}, {"model": "rbac.button", "pk": 17, "fields": {"buttonname": "Console", "pagename": "insts_status"}}, {"model": "rbac.button", "pk": 18, "fields": {"buttonname": "a", "pagename": "instances"}}, {"model": "rbac.button", "pk": 19, "fields": {"buttonname": "a", "pagename": "insts_status"}}, {"model": "rbac.menu", "pk": 1, "fields": {"menuname": "instances", "pagename": "instances", "children": null}}, {"model": "rbac.menu", "pk": 2, "fields": {"menuname": "storages", "pagename": "instances", "children": null}}, {"model": "rbac.menu", "pk": 3, "fields": {"menuname": "networks", "pagename": "instances", "children": null}}, {"model": "rbac.menu", "pk": 4, "fields": {"menuname": "insterfaces", "pagename": "instances", "children": null}}, {"model": "rbac.menu", "pk": 5, "fields": {"menuname": "secrets", "pagename": "instances", "children": null}}, {"model": "rbac.menu", "pk": 6, "fields": {"menuname": "overview", "pagename": "instances", "children": null}}, {"model": "rbac.menu", "pk": 7, "fields": {"menuname": "instances", "pagename": "instance", "children": null}}, {"model": "rbac.menu", "pk": 8, "fields": {"menuname": "storages", "pagename": "instance", "children": null}}, {"model": "rbac.menu", "pk": 9, "fields": {"menuname": "networks", "pagename": "instance", "children": null}}, {"model": "rbac.menu", "pk": 10, "fields": {"menuname": "insterfaces", "pagename": "instance", "children": null}}, {"model": "rbac.menu", "pk": 11, "fields": {"menuname": "secrets", "pagename": "instance", "children": null}}, {"model": "rbac.menu", "pk": 12, "fields": {"menuname": "overview", "pagename": "instance", "children": null}}, {"model": "rbac.menu", "pk": 13, "fields": {"menuname": "power", "pagename": "instance", "children": null}}, {"model": "rbac.menu", "pk": 14, "fields": {"menuname": "access", "pagename": "instance", "children": null}}, {"model": "rbac.menu", "pk": 15, "fields": {"menuname": "snapshots", "pagename": "instance", "children": null}}, {"model": "rbac.menu", "pk": 16, "fields": {"menuname": "statistics", "pagename": "instance", "children": null}}, {"model": "rbac.menu", "pk": 17, "fields": {"menuname": "settings", "pagename": "instance", "children": null}}, {"model": "rbac.menu", "pk": 18, "fields": {"menuname": "migrate", "pagename": "instance", "children": null}}, {"model": "rbac.menu", "pk": 19, "fields": {"menuname": "destory", "pagename": "instance", "children": null}}, {"model": "rbac.menu", "pk": 20, "fields": {"menuname": "instances", "pagename": "overview", "children": null}}, {"model": "rbac.menu", "pk": 21, "fields": {"menuname": "storages", "pagename": "overview", "children": null}}, {"model": "rbac.menu", "pk": 22, "fields": {"menuname": "networks", "pagename": "overview", "children": null}}, {"model": "rbac.menu", "pk": 23, "fields": {"menuname": "insterfaces", "pagename": "overview", "children": null}}, {"model": "rbac.menu", "pk": 24, "fields": {"menuname": "secrets", "pagename": "overview", "children": null}}, {"model": "rbac.menu", "pk": 25, "fields": {"menuname": "overview", "pagename": "overview", "children": null}}, {"model": "rbac.permission", "pk": 1, "fields": {"title": "index", "method": "GET", "url": "^/$"}}, {"model": "rbac.permission", "pk": 2, "fields": {"title": "login", "method": "GET", "url": "^/login/$"}}, {"model": "rbac.permission", "pk": 3, "fields": {"title": "logout", "method": "GET", "url": "^/servers/$"}}, {"model": "rbac.permission", "pk": 4, "fields": {"title": "servers_list", "method": "GET", "url": "^/servers/$"}}, {"model": "rbac.permission", "pk": 5, "fields": {"title": "infrastructure", "method": "GET", "url": "^/infrastructure/$"}}, {"model": "rbac.permission", "pk": 6, "fields": {"title": "overview", "method": "GET", "url": "^/host/(\\d+)/$"}}, {"model": "rbac.permission", "pk": 7, "fields": {"title": "createVM", "method": "GET", "url": "^/create/(\\d+)/$"}}, {"model": "rbac.permission", "pk": 8, "fields": {"title": "storages", "method": "GET", "url": "^/storages/(\\d+)/$"}}, {"model": "rbac.permission", "pk": 9, "fields": {"title": "storage", "method": "GET", "url": "^/storage/(\\d+)/([\\w\\-\\.]+)/$"}}, {"model": "rbac.permission", "pk": 10, "fields": {"title": "networks", "method": "GET", "url": "^/networks/(\\d+)/$"}}, {"model": "rbac.permission", "pk": 11, "fields": {"title": "interfaces", "method": "GET", "url": "^/interfaces/(\\d+)/$"}}, {"model": "rbac.permission", "pk": 12, "fields": {"title": "interface", "method": "GET", "url": "^/interface/(\\d+)/([\\w\\.\\:]+)/$"}}, {"model": "rbac.permission", "pk": 13, "fields": {"title": "VMinstances", "method": "GET", "url": "^/instances/(\\d+)/$"}}, {"model": "rbac.permission", "pk": 14, "fields": {"title": "Vminstance", "method": "GET", "url": "^/instance/(\\d+)/([\\w\\-\\.]+)/$"}}, {"model": "rbac.permission", "pk": 15, "fields": {"title": "secrets", "method": "GET", "url": "^/secrets/(\\d+)/$"}}, {"model": "rbac.permission", "pk": 16, "fields": {"title": "console", "method": "GET", "url": "^/console/$"}}, {"model": "rbac.permission", "pk": 17, "fields": {"title": "hostusage", "method": "GET", "url": "^/info/hostusage/(\\d+)/$"}}, {"model": "rbac.permission", "pk": 18, "fields": {"title": "insts_status", "method": "GET", "url": "^/info/insts_status/(\\d+)/$"}}, {"model": "rbac.permission", "pk": 19, "fields": {"title": "inst_status", "method": "GET", "url": "^/info/inst_status/(\\d+)/([\\w\\-\\.]+)/$"}}, {"model": "rbac.permission", "pk": 20, "fields": {"title": "instusage", "method": "GET", "url": "^/info/instusage/(\\d+)/([\\w\\-\\.]+)/$"}}, {"model": "rbac.permission", "pk": 21, "fields": {"title": "i18n", "method": "GET", "url": "^/i18n/"}}, {"model": "rbac.permission", "pk": 22, "fields": {"title": "network", "method": "GET", "url": "^/network/(\\d+)/([\\w\\-\\.]+)/$"}}, {"model": "rbac.permission", "pk": 23, "fields": {"title": "login", "method": "POST", "url": "^login/?$"}}, {"model": "rbac.permission", "pk": 24, "fields": {"title": "servers_list", "method": "POST", "url": "^/servers/$"}}, {"model": "rbac.permission", "pk": 25, "fields": {"title": "VMinstances", "method": "POST", "url": "^/instances/(\\d+)/$"}}, {"model": "rbac.permission", "pk": 26, "fields": {"title": "Vminstance", "method": "POST", "url": "^/instance/(\\d+)/([\\w\\-\\.]+)/$"}}, {"model": "rbac.role", "pk": 1, "fields": {"title": "administrator", "permissions": [1, 2, 3, 4, 5, 6, 7, 8, 9, 10, 11, 12, 13, 14, 15, 16, 17, 18, 19, 20, 21, 22, 23, 24, 25, 26], "menu": [1, 2, 3, 4, 5, 6, 7, 8, 9, 10, 11, 12, 13, 14, 15, 16, 17, 18, 19, 20, 21, 22, 23, 24, 25], "button": [1, 2, 3, 4, 5, 6, 7, 8, 9, 10, 11, 12, 13, 14, 15, 16, 17, 18, 19]}}, {"model": "rbac.role", "pk": 2, "fields": {"title": "viewer", "permissions": [1, 2, 3, 4, 5, 6, 13, 14, 16, 17, 18, 19, 20, 21], "menu": [1, 6, 7, 12, 13, 14, 15, 16, 20, 25], "button": [1, 17]}}, {"model": "auth.permission", "pk": 1, "fields": {"name": "Can add group", "content_type": 1, "codename": "add_group"}}, {"model": "auth.permission", "pk": 2, "fields": {"name": "Can change group", "content_type": 1, "codename": "change_group"}}, {"model": "auth.permission", "pk": 3, "fields": {"name": "Can delete group", "content_type": 1, "codename": "delete_group"}}, {"model": "auth.permission", "pk": 4, "fields": {"name": "Can add permission", "content_type": 2, "codename": "add_permission"}}, {"model": "auth.permission", "pk": 5, "fields": {"name": "Can change permission", "content_type": 2, "codename": "change_permission"}}, {"model": "auth.permission", "pk": 6, "fields": {"name": "Can delete permission", "content_type": 2, "codename": "delete_permission"}}, {"model": "auth.permission", "pk": 7, "fields": {"name": "Can add content type", "content_type": 3, "codename": "add_contenttype"}}, {"model": "auth.permission", "pk": 8, "fields": {"name": "Can change content type", "content_type": 3, "codename": "change_contenttype"}}, {"model": "auth.permission", "pk": 9, "fields": {"name": "Can delete content type", "content_type": 3, "codename": "delete_contenttype"}}, {"model": "auth.permission", "pk": 10, "fields": {"name": "Can add session", "content_type": 4, "codename": "add_session"}}, {"model": "auth.permission", "pk": 11, "fields": {"name": "Can change session", "content_type": 4, "codename": "change_session"}}, {"model": "auth.permission", "pk": 12, "fields": {"name": "Can delete session", "content_type": 4, "codename": "delete_session"}}, {"model": "auth.permission", "pk": 13, "fields": {"name": "Can add site", "content_type": 5, "codename": "add_site"}}, {"model": "auth.permission", "pk": 14, "fields": {"name": "Can change site", "content_type": 5, "codename": "change_site"}}, {"model": "auth.permission", "pk": 15, "fields": {"name": "Can delete site", "content_type": 5, "codename": "delete_site"}}, {"model": "auth.permission", "pk": 16, "fields": {"name": "Can add log entry", "content_type": 6, "codename": "add_logentry"}}, {"model": "auth.permission", "pk": 17, "fields": {"name": "Can change log entry", "content_type": 6, "codename": "change_logentry"}}, {"model": "auth.permission", "pk": 18, "fields": {"name": "Can delete log entry", "content_type": 6, "codename": "delete_logentry"}}, {"model": "auth.permission", "pk": 19, "fields": {"name": "Can add compute", "content_type": 7, "codename": "add_compute"}}, {"model": "auth.permission", "pk": 20, "fields": {"name": "Can change compute", "content_type": 7, "codename": "change_compute"}}, {"model": "auth.permission", "pk": 21, "fields": {"name": "Can delete compute", "content_type": 7, "codename": "delete_compute"}}, {"model": "auth.permission", "pk": 22, "fields": {"name": "Can add instance", "content_type": 8, "codename": "add_instance"}}, {"model": "auth.permission", "pk": 23, "fields": {"name": "Can change instance", "content_type": 8, "codename": "change_instance"}}, {"model": "auth.permission", "pk": 24, "fields": {"name": "Can delete instance", "content_type": 8, "codename": "delete_instance"}}, {"model": "auth.permission", "pk": 25, "fields": {"name": "Can add flavor", "content_type": 9, "codename": "add_flavor"}}, {"model": "auth.permission", "pk": 26, "fields": {"name": "Can change flavor", "content_type": 9, "codename": "change_flavor"}}, {"model": "auth.permission", "pk": 27, "fields": {"name": "Can delete flavor", "content_type": 9, "codename": "delete_flavor"}}, {"model": "auth.permission", "pk": 28, "fields": {"name": "Can add instance log", "content_type": 10, "codename": "add_instancelog"}}, {"model": "auth.permission", "pk": 29, "fields": {"name": "Can change instance log", "content_type": 10, "codename": "change_instancelog"}}, {"model": "auth.permission", "pk": 30, "fields": {"name": "Can delete instance log", "content_type": 10, "codename": "delete_instancelog"}}, {"model": "auth.permission", "pk": 31, "fields": {"name": "Can add user", "content_type": 11, "codename": "add_userinfo"}}, {"model": "auth.permission", "pk": 32, "fields": {"name": "Can change user", "content_type": 11, "codename": "change_userinfo"}}, {"model": "auth.permission", "pk": 33, "fields": {"name": "Can delete user", "content_type": 11, "codename": "delete_userinfo"}}, {"model": "auth.permission", "pk": 34, "fields": {"name": "Can add role", "content_type": 12, "codename": "add_role"}}, {"model": "auth.permission", "pk": 35, "fields": {"name": "Can change role", "content_type": 12, "codename": "change_role"}}, {"model": "auth.permission", "pk": 36, "fields": {"name": "Can delete role", "content_type": 12, "codename": "delete_role"}}, {"model": "auth.permission", "pk": 37, "fields": {"name": "Can add permission", "content_type": 13, "codename": "add_permission"}}, {"model": "auth.permission", "pk": 38, "fields": {"name": "Can change permission", "content_type": 13, "codename": "change_permission"}}, {"model": "auth.permission", "pk": 39, "fields": {"name": "Can delete permission", "content_type": 13, "codename": "delete_permission"}}, {"model": "auth.permission", "pk": 40, "fields": {"name": "Can add menu", "content_type": 14, "codename": "add_menu"}}, {"model": "auth.permission", "pk": 41, "fields": {"name": "Can change menu", "content_type": 14, "codename": "change_menu"}}, {"model": "auth.permission", "pk": 42, "fields": {"name": "Can delete menu", "content_type": 14, "codename": "delete_menu"}}, {"model": "auth.permission", "pk": 43, "fields": {"name": "Can add button", "content_type": 15, "codename": "add_button"}}, {"model": "auth.permission", "pk": 44, "fields": {"name": "Can change button", "content_type": 15, "codename": "change_button"}}, {"model": "auth.permission", "pk": 45, "fields": {"name": "Can delete button", "content_type": 15, "codename": "delete_button"}}, {"model": "rbac.userinfo", "pk": 1, "fields": {"password": "pbkdf2_sha256$36000$jc6Hw0Ex9rkW$jyerb4z8eMz2EnyLKNGVE+SjDVqfdXb/5+HBRtBDuTA=", "last_login": "2021-03-24T03:01:10.076Z", "is_superuser": true, "username": "admin", "first_name": "", "last_name": "", "email": "admin@localhost", "is_staff": true, "is_active": true, "date_joined": "2021-03-11T08:44:00Z", "groups": [], "user_permissions": [], "roles": [1]}}, {"model": "rbac.userinfo", "pk": 2, "fields": {"password": "Cestc_01", "last_login": "2021-03-24T01:56:28.553Z", "is_superuser": false, "username": "cestc", "first_name": "", "last_name": "", "email": "cestc@example.org", "is_staff": false, "is_active": true, "date_joined": "2021-03-11T09:28:00Z", "groups": [], "user_permissions": [], "roles": [2]}}, {"model": "admin.logentry", "pk": 1, "fields": {"action_time": "2021-03-11T09:29:11.006Z", "user": 1, "content_type": 11, "object_id": "2", "object_repr": "cestc", "action_flag": 1, "change_message": "[{\"added\": {}}]"}}, {"model": "admin.logentry", "pk": 2, "fields": {"action_time": "2021-03-11T09:30:18.362Z", "user": 1, "content_type": 13, "object_id": "1", "object_repr": "index", "action_flag": 1, "change_message": "[{\"added\": {}}]"}}, {"model": "admin.logentry", "pk": 3, "fields": {"action_time": "2021-03-11T09:31:22.400Z", "user": 1, "content_type": 13, "object_id": "2", "object_repr": "login", "action_flag": 1, "change_message": "[{\"added\": {}}]"}}, {"model": "admin.logentry", "pk": 4, "fields": {"action_time": "2021-03-11T09:31:38.777Z", "user": 1, "content_type": 13, "object_id": "3", "object_repr": "logout", "action_flag": 1, "change_message": "[{\"added\": {}}]"}}, {"model": "admin.logentry", "pk": 5, "fields": {"action_time": "2021-03-11T09:31:56.228Z", "user": 1, "content_type": 13, "object_id": "4", "object_repr": "servers_list", "action_flag": 1, "change_message": "[{\"added\": {}}]"}}, {"model": "admin.logentry", "pk": 6, "fields": {"action_time": "2021-03-11T09:32:10.160Z", "user": 1, "content_type": 13, "object_id": "5", "object_repr": "infrastructure", "action_flag": 1, "change_message": "[{\"added\": {}}]"}}, {"model": "admin.logentry", "pk": 7, "fields": {"action_time": "2021-03-11T09:32:41.599Z", "user": 1, "content_type": 13, "object_id": "6", "object_repr": "overview", "action_flag": 1, "change_message": "[{\"added\": {}}]"}}, {"model": "admin.logentry", "pk": 8, "fields": {"action_time": "2021-03-11T09:33:03.002Z", "user": 1, "content_type": 13, "object_id": "7", "object_repr": "createVM", "action_flag": 1, "change_message": "[{\"added\": {}}]"}}, {"model": "admin.logentry", "pk": 9, "fields": {"action_time": "2021-03-11T09:33:20.873Z", "user": 1, "content_type": 13, "object_id": "8", "object_repr": "storages", "action_flag": 1, "change_message": "[{\"added\": {}}]"}}, {"model": "admin.logentry", "pk": 10, "fields": {"action_time": "2021-03-11T09:33:36.838Z", "user": 1, "content_type": 13, "object_id": "9", "object_repr": "storage", "action_flag": 1, "change_message": "[{\"added\": {}}]"}}, {"model": "admin.logentry", "pk": 11, "fields": {"action_time": "2021-03-11T09:33:53.150Z", "user": 1, "content_type": 13, "object_id": "10", "object_repr": "networks", "action_flag": 1, "change_message": "[{\"added\": {}}]"}}, {"model": "admin.logentry", "pk": 12, "fields": {"action_time": "2021-03-11T09:39:03.923Z", "user": 1, "content_type": 13, "object_id": "11", "object_repr": "interfaces", "action_flag": 1, "change_message": "[{\"added\": {}}]"}}, {"model": "admin.logentry", "pk": 13, "fields": {"action_time": "2021-03-11T09:39:18.592Z", "user": 1, "content_type": 13, "object_id": "12", "object_repr": "interface", "action_flag": 1, "change_message": "[{\"added\": {}}]"}}, {"model": "admin.logentry", "pk": 14, "fields": {"action_time": "2021-03-11T09:40:23.084Z", "user": 1, "content_type": 13, "object_id": "13", "object_repr": "VMinstances", "action_flag": 1, "change_message": "[{\"added\": {}}]"}}, {"model": "admin.logentry", "pk": 15, "fields": {"action_time": "2021-03-11T09:40:36.916Z", "user": 1, "content_type": 13, "object_id": "14", "object_repr": "Vminstance", "action_flag": 1, "change_message": "[{\"added\": {}}]"}}, {"model": "admin.logentry", "pk": 16, "fields": {"action_time": "2021-03-11T09:41:00.805Z", "user": 1, "content_type": 13, "object_id": "15", "object_repr": "secrets", "action_flag": 1, "change_message": "[{\"added\": {}}]"}}, {"model": "admin.logentry", "pk": 17, "fields": {"action_time": "2021-03-11T09:41:15.183Z", "user": 1, "content_type": 13, "object_id": "16", "object_repr": "console", "action_flag": 1, "change_message": "[{\"added\": {}}]"}}, {"model": "admin.logentry", "pk": 18, "fields": {"action_time": "2021-03-11T09:41:27.382Z", "user": 1, "content_type": 13, "object_id": "14", "object_repr": "Vminstance", "action_flag": 2, "change_message": "[{\"changed\": {\"fields\": [\"url\"]}}]"}}, {"model": "admin.logentry", "pk": 19, "fields": {"action_time": "2021-03-11T09:41:32.411Z", "user": 1, "content_type": 13, "object_id": "13", "object_repr": "VMinstances", "action_flag": 2, "change_message": "[{\"changed\": {\"fields\": [\"url\"]}}]"}}, {"model": "admin.logentry", "pk": 20, "fields": {"action_time": "2021-03-11T09:42:36.366Z", "user": 1, "content_type": 13, "object_id": "17", "object_repr": "hostusage", "action_flag": 1, "change_message": "[{\"added\": {}}]"}}, {"model": "admin.logentry", "pk": 21, "fields": {"action_time": "2021-03-11T09:42:48.645Z", "user": 1, "content_type": 13, "object_id": "18", "object_repr": "insts_status", "action_flag": 1, "change_message": "[{\"added\": {}}]"}}, {"model": "admin.logentry", "pk": 22, "fields": {"action_time": "2021-03-11T09:43:02.124Z", "user": 1, "content_type": 13, "object_id": "19", "object_repr": "inst_status", "action_flag": 1, "change_message": "[{\"added\": {}}]"}}, {"model": "admin.logentry", "pk": 23, "fields": {"action_time": "2021-03-11T09:43:13.192Z", "user": 1, "content_type": 13, "object_id": "20", "object_repr": "instusage", "action_flag": 1, "change_message": "[{\"added\": {}}]"}}, {"model": "admin.logentry", "pk": 24, "fields": {"action_time": "2021-03-11T09:43:24.916Z", "user": 1, "content_type": 13, "object_id": "21", "object_repr": "i18n", "action_flag": 1, "change_message": "[{\"added\": {}}]"}}, {"model": "admin.logentry", "pk": 25, "fields": {"action_time": "2021-03-11T09:43:47.511Z", "user": 1, "content_type": 12, "object_id": "1", "object_repr": "administrator", "action_flag": 1, "change_message": "[{\"added\": {}}]"}}, {"model": "admin.logentry", "pk": 26, "fields": {"action_time": "2021-03-11T09:44:12.334Z", "user": 1, "content_type": 12, "object_id": "2", "object_repr": "viewer", "action_flag": 1, "change_message": "[{\"added\": {}}]"}}, {"model": "admin.logentry", "pk": 27, "fields": {"action_time": "2021-03-11T09:44:29.890Z", "user": 1, "content_type": 11, "object_id": "2", "object_repr": "cestc", "action_flag": 2, "change_message": "[]"}}, {"model": "admin.logentry", "pk": 28, "fields": {"action_time": "2021-03-11T09:44:35.522Z", "user": 1, "content_type": 11, "object_id": "1", "object_repr": "admin", "action_flag": 2, "change_message": "[{\"changed\": {\"fields\": [\"last_login\"]}}]"}}, {"model": "admin.logentry", "pk": 29, "fields": {"action_time": "2021-03-16T09:34:43.437Z", "user": 1, "content_type": 13, "object_id": "22", "object_repr": "network", "action_flag": 1, "change_message": "[{\"added\": {}}]"}}, {"model": "admin.logentry", "pk": 30, "fields": {"action_time": "2021-03-16T09:45:28.937Z", "user": 1, "content_type": 12, "object_id": "1", "object_repr": "administrator", "action_flag": 2, "change_message": "[]"}}, {"model": "admin.logentry", "pk": 31, "fields": {"action_time": "2021-03-16T09:46:48.449Z", "user": 1, "content_type": 13, "object_id": "10", "object_repr": "networks", "action_flag": 2, "change_message": "[{\"changed\": {\"fields\": [\"url\"]}}]"}}, {"model": "admin.logentry", "pk": 32, "fields": {"action_time": "2021-03-19T06:06:35.278Z", "user": 1, "content_type": 14, "object_id": "1", "object_repr": "instances.instances", "action_flag": 1, "change_message": "[{\"added\": {}}]"}}, {"model": "admin.logentry", "pk": 33, "fields": {"action_time": "2021-03-19T06:06:46.208Z", "user": 1, "content_type": 14, "object_id": "2", "object_repr": "storages.instances", "action_flag": 1, "change_message": "[{\"added\": {}}]"}}, {"model": "admin.logentry", "pk": 34, "fields": {"action_time": "2021-03-19T06:06:52.052Z", "user": 1, "content_type": 14, "object_id": "3", "object_repr": "networks.instances", "action_flag": 1, "change_message": "[{\"added\": {}}]"}}, {"model": "admin.logentry", "pk": 35, "fields": {"action_time": "2021-03-19T06:06:59.308Z", "user": 1, "content_type": 14, "object_id": "4", "object_repr": "insterfaces.instances", "action_flag": 1, "change_message": "[{\"added\": {}}]"}}, {"model": "admin.logentry", "pk": 36, "fields": {"action_time": "2021-03-19T06:07:06.600Z", "user": 1, "content_type": 14, "object_id": "5", "object_repr": "secrets.instances", "action_flag": 1, "change_message": "[{\"added\": {}}]"}}, {"model": "admin.logentry", "pk": 37, "fields": {"action_time": "2021-03-19T06:07:13.267Z", "user": 1, "content_type": 14, "object_id": "6", "object_repr": "overview.instances", "action_flag": 1, "change_message": "[{\"added\": {}}]"}}, {"model": "admin.logentry", "pk": 38, "fields": {"action_time": "2021-03-19T06:07:26.721Z", "user": 1, "content_type": 14, "object_id": "7", "object_repr": "instances.instance", "action_flag": 1, "change_message": "[{\"added\": {}}]"}}, {"model": "admin.logentry", "pk": 39, "fields": {"action_time": "2021-03-19T06:07:37.414Z", "user": 1, "content_type": 14, "object_id": "8", "object_repr": "storages.instance", "action_flag": 1, "change_message": "[{\"added\": {}}]"}}, {"model": "admin.logentry", "pk": 40, "fields": {"action_time": "2021-03-19T06:07:43.373Z", "user": 1, "content_type": 14, "object_id": "9", "object_repr": "networks.instance", "action_flag": 1, "change_message": "[{\"added\": {}}]"}}, {"model": "admin.logentry", "pk": 41, "fields": {"action_time": "2021-03-19T06:07:51.916Z", "user": 1, "content_type": 14, "object_id": "10", "object_repr": "insterfaces.instance", "action_flag": 1, "change_message": "[{\"added\": {}}]"}}, {"model": "admin.logentry", "pk": 42, "fields": {"action_time": "2021-03-19T06:08:00.773Z", "user": 1, "content_type": 14, "object_id": "11", "object_repr": "secrets.instance", "action_flag": 1, "change_message": "[{\"added\": {}}]"}}, {"model": "admin.logentry", "pk": 43, "fields": {"action_time": "2021-03-19T06:08:07.422Z", "user": 1, "content_type": 14, "object_id": "12", "object_repr": "overview.instance", "action_flag": 1, "change_message": "[{\"added\": {}}]"}}, {"model": "admin.logentry", "pk": 44, "fields": {"action_time": "2021-03-19T06:08:14.607Z", "user": 1, "content_type": 14, "object_id": "13", "object_repr": "power.instance", "action_flag": 1, "change_message": "[{\"added\": {}}]"}}, {"model": "admin.logentry", "pk": 45, "fields": {"action_time": "2021-03-19T06:08:26.209Z", "user": 1, "content_type": 14, "object_id": "14", "object_repr": "access.instance", "action_flag": 1, "change_message": "[{\"added\": {}}]"}}, {"model": "admin.logentry", "pk": 46, "fields": {"action_time": "2021-03-19T06:08:32.614Z", "user": 1, "content_type": 14, "object_id": "15", "object_repr": "snapshots.instance", "action_flag": 1, "change_message": "[{\"added\": {}}]"}}, {"model": "admin.logentry", "pk": 47, "fields": {"action_time": "2021-03-19T06:08:38.594Z", "user": 1, "content_type": 14, "object_id": "16", "object_repr": "statistics.instance", "action_flag": 1, "change_message": "[{\"added\": {}}]"}}, {"model": "admin.logentry", "pk": 48, "fields": {"action_time": "2021-03-19T06:08:44.387Z", "user": 1, "content_type": 14, "object_id": "17", "object_repr": "settings.instance", "action_flag": 1, "change_message": "[{\"added\": {}}]"}}, {"model": "admin.logentry", "pk": 49, "fields": {"action_time": "2021-03-19T06:08:50.122Z", "user": 1, "content_type": 14, "object_id": "18", "object_repr": "migrate.instance", "action_flag": 1, "change_message": "[{\"added\": {}}]"}}, {"model": "admin.logentry", "pk": 50, "fields": {"action_time": "2021-03-19T06:08:57.076Z", "user": 1, "content_type": 14, "object_id": "19", "object_repr": "destory.instance", "action_flag": 1, "change_message": "[{\"added\": {}}]"}}, {"model": "admin.logentry", "pk": 51, "fields": {"action_time": "2021-03-19T06:09:50.753Z", "user": 1, "content_type": 15, "object_id": "1", "object_repr": "console.instances", "action_flag": 1, "change_message": "[{\"added\": {}}]"}}, {"model": "admin.logentry", "pk": 52, "fields": {"action_time": "2021-03-19T06:10:03.185Z", "user": 1, "content_type": 15, "object_id": "2", "object_repr": "force shutdown.instances", "action_flag": 1, "change_message": "[{\"added\": {}}]"}}, {"model": "admin.logentry", "pk": 53, "fields": {"action_time": "2021-03-19T06:10:14.208Z", "user": 1, "content_type": 15, "object_id": "3", "object_repr": "shutdown.instances", "action_flag": 1, "change_message": "[{\"added\": {}}]"}}, {"model": "admin.logentry", "pk": 54, "fields": {"action_time": "2021-03-19T06:10:21.508Z", "user": 1, "content_type": 15, "object_id": "4", "object_repr": "save.instances", "action_flag": 1, "change_message": "[{\"added\": {}}]"}}, {"model": "admin.logentry", "pk": 55, "fields": {"action_time": "2021-03-19T06:10:27.991Z", "user": 1, "content_type": 15, "object_id": "5", "object_repr": "suspend.instances", "action_flag": 1, "change_message": "[{\"added\": {}}]"}}, {"model": "admin.logentry", "pk": 56, "fields": {"action_time": "2021-03-19T06:10:34.130Z", "user": 1, "content_type": 15, "object_id": "6", "object_repr": "start.instances", "action_flag": 1, "change_message": "[{\"added\": {}}]"}}, {"model": "admin.logentry", "pk": 57, "fields": {"action_time": "2021-03-19T06:11:11.433Z", "user": 1, "content_type": 15, "object_id": "7", "object_repr": "add connection.servers_list", "action_flag": 1, "change_message": "[{\"added\": {}}]"}}, {"model": "admin.logentry", "pk": 58, "fields": {"action_time": "2021-03-19T06:11:20.625Z", "user": 1, "content_type": 15, "object_id": "8", "object_repr": "edit.servers_list", "action_flag": 1, "change_message": "[{\"added\": {}}]"}}, {"model": "admin.logentry", "pk": 59, "fields": {"action_time": "2021-03-19T06:11:28.035Z", "user": 1, "content_type": 15, "object_id": "9", "object_repr": "delete.servers_list", "action_flag": 1, "change_message": "[{\"added\": {}}]"}}, {"model": "admin.logentry", "pk": 60, "fields": {"action_time": "2021-03-19T06:12:05.887Z", "user": 1, "content_type": 15, "object_id": "10", "object_repr": "a.infrastructure", "action_flag": 1, "change_message": "[{\"added\": {}}]"}}, {"model": "admin.logentry", "pk": 61, "fields": {"action_time": "2021-03-19T06:16:28.036Z", "user": 1, "content_type": 13, "object_id": "2", "object_repr": "login", "action_flag": 2, "change_message": "[]"}}, {"model": "admin.logentry", "pk": 62, "fields": {"action_time": "2021-03-19T06:16:45.234Z", "user": 1, "content_type": 13, "object_id": "23", "object_repr": "login", "action_flag": 1, "change_message": "[{\"added\": {}}]"}}, {"model": "admin.logentry", "pk": 63, "fields": {"action_time": "2021-03-19T06:17:09.763Z", "user": 1, "content_type": 13, "object_id": "24", "object_repr": "servers_list", "action_flag": 1, "change_message": "[{\"added\": {}}]"}}, {"model": "admin.logentry", "pk": 64, "fields": {"action_time": "2021-03-19T06:20:22.291Z", "user": 1, "content_type": 12, "object_id": "1", "object_repr": "administrator", "action_flag": 2, "change_message": "[]"}}, {"model": "admin.logentry", "pk": 65, "fields": {"action_time": "2021-03-19T06:22:00.608Z", "user": 1, "content_type": 12, "object_id": "2", "object_repr": "viewer", "action_flag": 2, "change_message": "[]"}}, {"model": "admin.logentry", "pk": 66, "fields": {"action_time": "2021-03-19T07:01:36.194Z", "user": 1, "content_type": 13, "object_id": "24", "object_repr": "servers_list.POST", "action_flag": 2, "change_message": "[{\"changed\": {\"fields\": [\"method\"]}}]"}}, {"model": "admin.logentry", "pk": 67, "fields": {"action_time": "2021-03-19T07:01:41.278Z", "user": 1, "content_type": 13, "object_id": "23", "object_repr": "login.POST", "action_flag": 2, "change_message": "[{\"changed\": {\"fields\": [\"method\"]}}]"}}, {"model": "admin.logentry", "pk": 68, "fields": {"action_time": "2021-03-19T07:01:51.745Z", "user": 1, "content_type": 13, "object_id": "22", "object_repr": "network.GET", "action_flag": 2, "change_message": "[{\"changed\": {\"fields\": [\"method\"]}}]"}}, {"model": "admin.logentry", "pk": 69, "fields": {"action_time": "2021-03-19T07:01:56.612Z", "user": 1, "content_type": 13, "object_id": "21", "object_repr": "i18n.GET", "action_flag": 2, "change_message": "[{\"changed\": {\"fields\": [\"method\"]}}]"}}, {"model": "admin.logentry", "pk": 70, "fields": {"action_time": "2021-03-19T07:02:01.235Z", "user": 1, "content_type": 13, "object_id": "20", "object_repr": "instusage.GET", "action_flag": 2, "change_message": "[{\"changed\": {\"fields\": [\"method\"]}}]"}}, {"model": "admin.logentry", "pk": 71, "fields": {"action_time": "2021-03-19T07:02:05.446Z", "user": 1, "content_type": 13, "object_id": "19", "object_repr": "inst_status.GET", "action_flag": 2, "change_message": "[{\"changed\": {\"fields\": [\"method\"]}}]"}}, {"model": "admin.logentry", "pk": 72, "fields": {"action_time": "2021-03-19T07:02:09.469Z", "user": 1, "content_type": 13, "object_id": "18", "object_repr": "insts_status.GET", "action_flag": 2, "change_message": "[{\"changed\": {\"fields\": [\"method\"]}}]"}}, {"model": "admin.logentry", "pk": 73, "fields": {"action_time": "2021-03-19T07:02:13.395Z", "user": 1, "content_type": 13, "object_id": "17", "object_repr": "hostusage.GET", "action_flag": 2, "change_message": "[{\"changed\": {\"fields\": [\"method\"]}}]"}}, {"model": "admin.logentry", "pk": 74, "fields": {"action_time": "2021-03-19T07:02:18.338Z", "user": 1, "content_type": 13, "object_id": "16", "object_repr": "console.GET", "action_flag": 2, "change_message": "[{\"changed\": {\"fields\": [\"method\"]}}]"}}, {"model": "admin.logentry", "pk": 75, "fields": {"action_time": "2021-03-19T07:02:22.209Z", "user": 1, "content_type": 13, "object_id": "15", "object_repr": "secrets.GET", "action_flag": 2, "change_message": "[{\"changed\": {\"fields\": [\"method\"]}}]"}}, {"model": "admin.logentry", "pk": 76, "fields": {"action_time": "2021-03-19T07:02:26.129Z", "user": 1, "content_type": 13, "object_id": "14", "object_repr": "Vminstance.GET", "action_flag": 2, "change_message": "[{\"changed\": {\"fields\": [\"method\"]}}]"}}, {"model": "admin.logentry", "pk": 77, "fields": {"action_time": "2021-03-19T07:02:29.987Z", "user": 1, "content_type": 13, "object_id": "13", "object_repr": "VMinstances.GET", "action_flag": 2, "change_message": "[{\"changed\": {\"fields\": [\"method\"]}}]"}}, {"model": "admin.logentry", "pk": 78, "fields": {"action_time": "2021-03-19T07:02:34.234Z", "user": 1, "content_type": 13, "object_id": "12", "object_repr": "interface.GET", "action_flag": 2, "change_message": "[{\"changed\": {\"fields\": [\"method\"]}}]"}}, {"model": "admin.logentry", "pk": 79, "fields": {"action_time": "2021-03-19T07:02:37.969Z", "user": 1, "content_type": 13, "object_id": "11", "object_repr": "interfaces.GET", "action_flag": 2, "change_message": "[{\"changed\": {\"fields\": [\"method\"]}}]"}}, {"model": "admin.logentry", "pk": 80, "fields": {"action_time": "2021-03-19T07:02:40.884Z", "user": 1, "content_type": 13, "object_id": "10", "object_repr": "networks.get", "action_flag": 2, "change_message": "[]"}}, {"model": "admin.logentry", "pk": 81, "fields": {"action_time": "2021-03-19T07:02:47.868Z", "user": 1, "content_type": 13, "object_id": "10", "object_repr": "networks.GET", "action_flag": 2, "change_message": "[{\"changed\": {\"fields\": [\"method\"]}}]"}}, {"model": "admin.logentry", "pk": 82, "fields": {"action_time": "2021-03-19T07:02:52.274Z", "user": 1, "content_type": 13, "object_id": "9", "object_repr": "storage.GET", "action_flag": 2, "change_message": "[{\"changed\": {\"fields\": [\"method\"]}}]"}}, {"model": "admin.logentry", "pk": 83, "fields": {"action_time": "2021-03-19T07:02:56.690Z", "user": 1, "content_type": 13, "object_id": "8", "object_repr": "storages.GET", "action_flag": 2, "change_message": "[{\"changed\": {\"fields\": [\"method\"]}}]"}}, {"model": "admin.logentry", "pk": 84, "fields": {"action_time": "2021-03-19T07:03:01.273Z", "user": 1, "content_type": 13, "object_id": "7", "object_repr": "createVM.GET", "action_flag": 2, "change_message": "[{\"changed\": {\"fields\": [\"method\"]}}]"}}, {"model": "admin.logentry", "pk": 85, "fields": {"action_time": "2021-03-19T07:03:05.818Z", "user": 1, "content_type": 13, "object_id": "6", "object_repr": "overview.GET", "action_flag": 2, "change_message": "[{\"changed\": {\"fields\": [\"method\"]}}]"}}, {"model": "admin.logentry", "pk": 86, "fields": {"action_time": "2021-03-19T07:03:10.020Z", "user": 1, "content_type": 13, "object_id": "5", "object_repr": "infrastructure.GET", "action_flag": 2, "change_message": "[{\"changed\": {\"fields\": [\"method\"]}}]"}}, {"model": "admin.logentry", "pk": 87, "fields": {"action_time": "2021-03-19T07:03:14.169Z", "user": 1, "content_type": 13, "object_id": "4", "object_repr": "servers_list.GET", "action_flag": 2, "change_message": "[{\"changed\": {\"fields\": [\"method\"]}}]"}}, {"model": "admin.logentry", "pk": 88, "fields": {"action_time": "2021-03-19T07:03:19.080Z", "user": 1, "content_type": 13, "object_id": "3", "object_repr": "logout.GET", "action_flag": 2, "change_message": "[{\"changed\": {\"fields\": [\"method\"]}}]"}}, {"model": "admin.logentry", "pk": 89, "fields": {"action_time": "2021-03-19T07:03:23.516Z", "user": 1, "content_type": 13, "object_id": "2", "object_repr": "login.GET", "action_flag": 2, "change_message": "[{\"changed\": {\"fields\": [\"method\"]}}]"}}, {"model": "admin.logentry", "pk": 90, "fields": {"action_time": "2021-03-19T07:03:27.658Z", "user": 1, "content_type": 13, "object_id": "1", "object_repr": "index.GET", "action_flag": 2, "change_message": "[{\"changed\": {\"fields\": [\"method\"]}}]"}}, {"model": "admin.logentry", "pk": 91, "fields": {"action_time": "2021-03-19T07:40:01.608Z", "user": 1, "content_type": 12, "object_id": "2", "object_repr": "viewer", "action_flag": 2, "change_message": "[]"}}, {"model": "admin.logentry", "pk": 92, "fields": {"action_time": "2021-03-19T10:38:04.631Z", "user": 1, "content_type": 12, "object_id": "2", "object_repr": "viewer", "action_flag": 2, "change_message": "[]"}}, {"model": "admin.logentry", "pk": 93, "fields": {"action_time": "2021-03-19T10:38:32.770Z", "user": 1, "content_type": 15, "object_id": "11", "object_repr": "power.insts_status", "action_flag": 1, "change_message": "[{\"added\": {}}]"}}, {"model": "admin.logentry", "pk": 94, "fields": {"action_time": "2021-03-19T10:38:39.150Z", "user": 1, "content_type": 15, "object_id": "12", "object_repr": "access.insts_status", "action_flag": 1, "change_message": "[{\"added\": {}}]"}}, {"model": "admin.logentry", "pk": 95, "fields": {"action_time": "2021-03-19T10:38:47.342Z", "user": 1, "content_type": 15, "object_id": "13", "object_repr": "snapshots.insts_status", "action_flag": 1, "change_message": "[{\"added\": {}}]"}}, {"model": "admin.logentry", "pk": 96, "fields": {"action_time": "2021-03-19T10:38:54.256Z", "user": 1, "content_type": 15, "object_id": "14", "object_repr": "statistics.insts_status", "action_flag": 1, "change_message": "[{\"added\": {}}]"}}, {"model": "admin.logentry", "pk": 97, "fields": {"action_time": "2021-03-19T10:38:59.847Z", "user": 1, "content_type": 15, "object_id": "15", "object_repr": "settings.insts_status", "action_flag": 1, "change_message": "[{\"added\": {}}]"}}, {"model": "admin.logentry", "pk": 98, "fields": {"action_time": "2021-03-19T10:39:04.982Z", "user": 1, "content_type": 15, "object_id": "16", "object_repr": "migrate.insts_status", "action_flag": 1, "change_message": "[{\"added\": {}}]"}}, {"model": "admin.logentry", "pk": 99, "fields": {"action_time": "2021-03-19T10:39:10.453Z", "user": 1, "content_type": 15, "object_id": "17", "object_repr": "destory.insts_status", "action_flag": 1, "change_message": "[{\"added\": {}}]"}}, {"model": "admin.logentry", "pk": 100, "fields": {"action_time": "2021-03-19T10:41:49.404Z", "user": 1, "content_type": 12, "object_id": "2", "object_repr": "viewer", "action_flag": 2, "change_message": "[]"}}, {"model": "admin.logentry", "pk": 101, "fields": {"action_time": "2021-03-23T06:06:18.639Z", "user": 1, "content_type": 15, "object_id": "11", "object_repr": "Start.insts_status", "action_flag": 2, "change_message": "[{\"changed\": {\"fields\": [\"buttonname\"]}}]"}}, {"model": "admin.logentry", "pk": 102, "fields": {"action_time": "2021-03-23T06:06:36.111Z", "user": 1, "content_type": 15, "object_id": "12", "object_repr": "Suspend.insts_status", "action_flag": 2, "change_message": "[{\"changed\": {\"fields\": [\"buttonname\"]}}]"}}, {"model": "admin.logentry", "pk": 103, "fields": {"action_time": "2021-03-23T06:19:59.809Z", "user": 1, "content_type": 15, "object_id": "13", "object_repr": "Save.insts_status", "action_flag": 2, "change_message": "[{\"changed\": {\"fields\": [\"buttonname\"]}}]"}}, {"model": "admin.logentry", "pk": 104, "fields": {"action_time": "2021-03-23T06:20:10.741Z", "user": 1, "content_type": 15, "object_id": "14", "object_repr": "Force Shutdown.insts_status", "action_flag": 2, "change_message": "[{\"changed\": {\"fields\": [\"buttonname\"]}}]"}}, {"model": "admin.logentry", "pk": 105, "fields": {"action_time": "2021-03-23T06:20:41.592Z", "user": 1, "content_type": 15, "object_id": "15", "object_repr": "Shutdown.insts_status", "action_flag": 2, "change_message": "[{\"changed\": {\"fields\": [\"buttonname\"]}}]"}}, {"model": "admin.logentry", "pk": 106, "fields": {"action_time": "2021-03-23T06:20:56.593Z", "user": 1, "content_type": 15, "object_id": "16", "object_repr": "Delete Save Image.insts_status", "action_flag": 2, "change_message": "[{\"changed\": {\"fields\": [\"buttonname\"]}}]"}}, {"model": "admin.logentry", "pk": 107, "fields": {"action_time": "2021-03-23T06:22:05.161Z", "user": 1, "content_type": 15, "object_id": "17", "object_repr": "Console.insts_status", "action_flag": 2, "change_message": "[{\"changed\": {\"fields\": [\"buttonname\"]}}]"}}, {"model": "admin.logentry", "pk": 108, "fields": {"action_time": "2021-03-23T07:40:46.103Z", "user": 1, "content_type": 15, "object_id": "18", "object_repr": "a.instances", "action_flag": 1, "change_message": "[{\"added\": {}}]"}}, {"model": "admin.logentry", "pk": 109, "fields": {"action_time": "2021-03-23T08:04:21.494Z", "user": 1, "content_type": 12, "object_id": "1", "object_repr": "administrator", "action_flag": 2, "change_message": "[]"}}, {"model": "admin.logentry", "pk": 110, "fields": {"action_time": "2021-03-23T09:41:00.103Z", "user": 1, "content_type": 15, "object_id": "19", "object_repr": "a.insts_status", "action_flag": 1, "change_message": "[{\"added\": {}}]"}}, {"model": "admin.logentry", "pk": 111, "fields": {"action_time": "2021-03-23T10:44:34.797Z", "user": 1, "content_type": 15, "object_id": "20", "object_repr": "instances.overview", "action_flag": 1, "change_message": "[{\"added\": {}}]"}}, {"model": "admin.logentry", "pk": 112, "fields": {"action_time": "2021-03-23T10:44:43.691Z", "user": 1, "content_type": 15, "object_id": "21", "object_repr": "storages.overview", "action_flag": 1, "change_message": "[{\"added\": {}}]"}}, {"model": "admin.logentry", "pk": 113, "fields": {"action_time": "2021-03-23T10:44:54.709Z", "user": 1, "content_type": 15, "object_id": "22", "object_repr": "networks.overview", "action_flag": 1, "change_message": "[{\"added\": {}}]"}}, {"model": "admin.logentry", "pk": 114, "fields": {"action_time": "2021-03-23T10:45:03.429Z", "user": 1, "content_type": 15, "object_id": "23", "object_repr": "insterfaces.overview", "action_flag": 1, "change_message": "[{\"added\": {}}]"}}, {"model": "admin.logentry", "pk": 115, "fields": {"action_time": "2021-03-23T10:45:15.011Z", "user": 1, "content_type": 15, "object_id": "24", "object_repr": "secrets.overview", "action_flag": 1, "change_message": "[{\"added\": {}}]"}}, {"model": "admin.logentry", "pk": 116, "fields": {"action_time": "2021-03-23T10:45:26.178Z", "user": 1, "content_type": 15, "object_id": "25", "object_repr": "overview.overview", "action_flag": 1, "change_message": "[{\"added\": {}}]"}}, {"model": "admin.logentry", "pk": 117, "fields": {"action_time": "2021-03-23T10:45:43.294Z", "user": 1, "content_type": 12, "object_id": "2", "object_repr": "viewer", "action_flag": 2, "change_message": "[]"}}, {"model": "admin.logentry", "pk": 118, "fields": {"action_time": "2021-03-23T10:50:21.971Z", "user": 1, "content_type": 15, "object_id": "25", "object_repr": "overview.overview", "action_flag": 3, "change_message": ""}}, {"model": "admin.logentry", "pk": 119, "fields": {"action_time": "2021-03-23T10:50:21.975Z", "user": 1, "content_type": 15, "object_id": "24", "object_repr": "secrets.overview", "action_flag": 3, "change_message": ""}}, {"model": "admin.logentry", "pk": 120, "fields": {"action_time": "2021-03-23T10:50:21.977Z", "user": 1, "content_type": 15, "object_id": "23", "object_repr": "insterfaces.overview", "action_flag": 3, "change_message": ""}}, {"model": "admin.logentry", "pk": 121, "fields": {"action_time": "2021-03-23T10:50:21.979Z", "user": 1, "content_type": 15, "object_id": "22", "object_repr": "networks.overview", "action_flag": 3, "change_message": ""}}, {"model": "admin.logentry", "pk": 122, "fields": {"action_time": "2021-03-23T10:50:21.982Z", "user": 1, "content_type": 15, "object_id": "21", "object_repr": "storages.overview", "action_flag": 3, "change_message": ""}}, {"model": "admin.logentry", "pk": 123, "fields": {"action_time": "2021-03-23T10:50:21.984Z", "user": 1, "content_type": 15, "object_id": "20", "object_repr": "instances.overview", "action_flag": 3, "change_message": ""}}, {"model": "admin.logentry", "pk": 124, "fields": {"action_time": "2021-03-23T10:50:43.681Z", "user": 1, "content_type": 14, "object_id": "20", "object_repr": "instances.overview", "action_flag": 1, "change_message": "[{\"added\": {}}]"}}, {"model": "admin.logentry", "pk": 125, "fields": {"action_time": "2021-03-23T10:50:49.304Z", "user": 1, "content_type": 14, "object_id": "21", "object_repr": "storages.overview", "action_flag": 1, "change_message": "[{\"added\": {}}]"}}, {"model": "admin.logentry", "pk": 126, "fields": {"action_time": "2021-03-23T10:50:56.341Z", "user": 1, "content_type": 14, "object_id": "22", "object_repr": "networks.overview", "action_flag": 1, "change_message": "[{\"added\": {}}]"}}, {"model": "admin.logentry", "pk": 127, "fields": {"action_time": "2021-03-23T10:51:03.840Z", "user": 1, "content_type": 14, "object_id": "23", "object_repr": "insterfaces.overview", "action_flag": 1, "change_message": "[{\"added\": {}}]"}}, {"model": "admin.logentry", "pk": 128, "fields": {"action_time": "2021-03-23T10:51:12.135Z", "user": 1, "content_type": 14, "object_id": "24", "object_repr": "secrets.overview", "action_flag": 1, "change_message": "[{\"added\": {}}]"}}, {"model": "admin.logentry", "pk": 129, "fields": {"action_time": "2021-03-23T10:51:18.752Z", "user": 1, "content_type": 14, "object_id": "25", "object_repr": "overview.overview", "action_flag": 1, "change_message": "[{\"added\": {}}]"}}, {"model": "admin.logentry", "pk": 130, "fields": {"action_time": "2021-03-23T10:51:57.442Z", "user": 1, "content_type": 12, "object_id": "2", "object_repr": "viewer", "action_flag": 2, "change_message": "[]"}}, {"model": "admin.logentry", "pk": 131, "fields": {"action_time": "2021-03-23T10:56:01.392Z", "user": 1, "content_type": 12, "object_id": "2", "object_repr": "viewer", "action_flag": 2, "change_message": "[]"}}, {"model": "admin.logentry", "pk": 132, "fields": {"action_time": "2021-03-23T11:06:38.169Z", "user": 1, "content_type": 12, "object_id": "1", "object_repr": "administrator", "action_flag": 2, "change_message": "[]"}}, {"model": "admin.logentry", "pk": 133, "fields": {"action_time": "2021-03-24T02:09:31.629Z", "user": 1, "content_type": 12, "object_id": "2", "object_repr": "viewer", "action_flag": 2, "change_message": "[]"}}, {"model": "admin.logentry", "pk": 134, "fields": {"action_time": "2021-03-24T02:15:10.757Z", "user": 1, "content_type": 12, "object_id": "1", "object_repr": "administrator", "action_flag": 2, "change_message": "[]"}}, {"model": "admin.logentry", "pk": 135, "fields": {"action_time": "2021-03-24T02:22:16.072Z", "user": 1, "content_type": 13, "object_id": "24", "object_repr": "servers_list.POST", "action_flag": 2, "change_message": "[{\"changed\": {\"fields\": [\"url\"]}}]"}}, {"model": "admin.logentry", "pk": 136, "fields": {"action_time": "2021-03-24T02:57:25.645Z", "user": 1, "content_type": 13, "object_id": "13", "object_repr": "VMinstances.GET", "action_flag": 2, "change_message": "[]"}}, {"model": "admin.logentry", "pk": 137, "fields": {"action_time": "2021-03-24T02:57:50.040Z", "user": 1, "content_type": 13, "object_id": "13", "object_repr": "VMinstances.GET", "action_flag": 2, "change_message": "[]"}}, {"model": "admin.logentry", "pk": 138, "fields": {"action_time": "2021-03-24T02:59:16.424Z", "user": 1, "content_type": 13, "object_id": "25", "object_repr": "VMinstances.POST", "action_flag": 1, "change_message": "[{\"added\": {}}]"}}, {"model": "admin.logentry", "pk": 139, "fields": {"action_time": "2021-03-24T02:59:49.529Z", "user": 1, "content_type": 13, "object_id": "25", "object_repr": "VMinstances.POST", "action_flag": 2, "change_message": "[{\"changed\": {\"fields\": [\"url\"]}}]"}}, {"model": "admin.logentry", "pk": 140, "fields": {"action_time": "2021-03-24T03:00:16.142Z", "user": 1, "content_type": 13, "object_id": "26", "object_repr": "Vminstance.POST", "action_flag": 1, "change_message": "[{\"added\": {}}]"}}, {"model": "admin.logentry", "pk": 141, "fields": {"action_time": "2021-03-24T03:00:41.278Z", "user": 1, "content_type": 12, "object_id": "1", "object_repr": "administrator", "action_flag": 2, "change_message": "[]"}}]